{"benchmarkVersion":"1.0.0","browserName":"internet explorer","browserVersion":"11","machineDetails":{"platform":"win32","release":"10.0.17763","osType":"Windows_NT","osArch":"x64","cpus":[{"model":"Intel(R) Xeon(R) Platinum 8171M CPU @ 2.60GHz","speed":2095,"times":{"user":78281,"nice":0,"sys":46562,"idle":305218,"irq":734}},{"model":"Intel(R) Xeon(R) Platinum 8171M CPU @ 2.60GHz","speed":2095,"times":{"user":79156,"nice":0,"sys":50312,"idle":299531,"irq":984}}]},"benchmarks":[{"result":"css => nested_sibling_traversal x 11.95 ops/sec ±2.58% (59 runs sampled)","stats":{"moe":0.002154990444749631,"rme":2.576020469677367,"sem":0.0010994849207906282,"deviation":0.008445303924176587,"mean":0.08365579661016949,"sample":[0.103199,0.084875,0.084678,0.081585,0.090061,0.083552,0.083692,0.081831,0.080765,0.083726,0.090652,0.081965,0.083125,0.07216,0.078523,0.080558,0.078195,0.082248,0.080901,0.082794,0.134104,0.084047,0.080455,0.07977,0.081665,0.083821,0.078266,0.079524,0.075365,0.080663,0.082124,0.092955,0.080965,0.072601,0.097812,0.082791,0.083866,0.079544,0.080592,0.094776,0.08491,0.082412,0.08213,0.083478,0.080904,0.084,0.087232,0.080832,0.081895,0.086727,0.081028,0.084279,0.079083,0.079926,0.078154,0.078075,0.08096,0.084305,0.080571],"variance":0.00007132315837171247},"hz":11.953744277398185,"selectorType":"css"},{"result":"xpath => nested_sibling_traversal x 16.89 ops/sec ±2.87% (79 runs sampled)","stats":{"moe":0.0017020479098496062,"rme":2.8745123939119748,"sem":0.000868391790739595,"deviation":0.007718435066494355,"mean":0.05921170886075948,"sample":[0.123066,0.072374,0.060434,0.056897,0.059926,0.057537,0.056015,0.057708,0.057273,0.057582,0.061061,0.059589,0.059858,0.057062,0.060381,0.057666,0.056101,0.059231,0.058368,0.059009,0.056956,0.057405,0.058841,0.057833,0.061846,0.058001,0.056069,0.057946,0.058726,0.057912,0.056218,0.056205,0.059982,0.056668,0.05707,0.059125,0.061936,0.061296,0.058756,0.059332,0.056593,0.057193,0.058029,0.056387,0.057514,0.056579,0.057951,0.057748,0.065178,0.056275,0.057936,0.058052,0.056583,0.060678,0.059993,0.067464,0.059885,0.055797,0.057739,0.057109,0.057287,0.057992,0.055905,0.055548,0.056474,0.060142,0.05594,0.056263,0.058314,0.059074,0.060267,0.056022,0.058189,0.056462,0.05813,0.058161,0.057811,0.056882,0.056918],"variance":0.00005957423987568973},"hz":16.888551592921775,"selectorType":"xpath"},{"result":"css => nested_sibling_traversal_by_class x 12.08 ops/sec ±1.37% (59 runs sampled)","stats":{"moe":0.0011327697669705427,"rme":1.368085309694118,"sem":0.0005779437586584401,"deviation":0.004439270244326479,"mean":0.08279964406779662,"sample":[0.085193,0.081102,0.079214,0.081272,0.087537,0.094401,0.092743,0.080599,0.079093,0.083771,0.084939,0.080284,0.081362,0.085259,0.082934,0.080846,0.079948,0.082291,0.080255,0.078864,0.097733,0.097734,0.08393,0.081459,0.084141,0.081884,0.08291,0.080502,0.08179,0.081849,0.079165,0.091931,0.089623,0.082695,0.07987,0.079318,0.084345,0.074129,0.081241,0.080206,0.083237,0.080449,0.082877,0.082105,0.079191,0.084092,0.080031,0.080099,0.081117,0.079122,0.082938,0.082003,0.083904,0.082085,0.08032,0.082154,0.079776,0.081536,0.079781],"variance":0.00001970712030216247},"hz":12.077346602857334,"selectorType":"css"},{"result":"xpath => nested_sibling_traversal_by_class x 7.23 ops/sec ±1.49% (39 runs sampled)","stats":{"moe":0.002065052731632869,"rme":1.4933376153616151,"sem":0.0010535983324657494,"deviation":0.006579719477364495,"mean":0.13828438461538461,"sample":[0.145064,0.152807,0.137319,0.136191,0.138196,0.148077,0.152034,0.135839,0.138138,0.145818,0.139017,0.136148,0.135118,0.136686,0.137285,0.135931,0.136996,0.135104,0.142243,0.140503,0.137971,0.134077,0.133035,0.134988,0.147175,0.136123,0.133426,0.122158,0.134106,0.146165,0.139979,0.137427,0.1375,0.137243,0.129164,0.123229,0.132963,0.148688,0.14316],"variance":0.0000432927084008097},"hz":7.231474492086264,"selectorType":"xpath"},{"result":"css => table_header_id_and_class x 11.93 ops/sec ±1.44% (59 runs sampled)","stats":{"moe":0.0012036722865392188,"rme":1.4357257134906103,"sem":0.0006141185135404177,"deviation":0.00471713380896837,"mean":0.08383720338983056,"sample":[0.089719,0.082577,0.084093,0.084696,0.0819,0.079509,0.088156,0.082444,0.081964,0.083246,0.093263,0.096165,0.079185,0.080331,0.08124,0.079527,0.083987,0.079797,0.080152,0.083801,0.07969,0.078936,0.081118,0.079345,0.095089,0.080001,0.081376,0.088907,0.094151,0.090033,0.081707,0.080457,0.079919,0.080462,0.096835,0.083205,0.081584,0.082584,0.08133,0.091166,0.08942,0.079958,0.083324,0.078916,0.086966,0.082461,0.081188,0.083836,0.079985,0.083561,0.080967,0.086337,0.08107,0.082224,0.091898,0.083775,0.07971,0.083802,0.08335],"variance":0.000022251351371712444},"hz":11.92787878849141,"selectorType":"css"},{"result":"xpath => table_header_id_and_class x 17.24 ops/sec ±1.03% (80 runs sampled)","stats":{"moe":0.0005978910429208097,"rme":1.0308797294064995,"sem":0.0003050464504698009,"deviation":0.0027284183981819902,"mean":0.05799813750000001,"sample":[0.055918,0.063075,0.059823,0.059261,0.056607,0.060005,0.056258,0.056797,0.06035,0.057528,0.056091,0.057162,0.060961,0.059274,0.05641,0.059186,0.056796,0.056026,0.056675,0.056176,0.056393,0.058448,0.061559,0.056159,0.056008,0.057519,0.057738,0.056666,0.059992,0.068764,0.056451,0.05662,0.056204,0.056765,0.057423,0.06686,0.058414,0.057199,0.056099,0.059867,0.055722,0.05716,0.057498,0.058774,0.056404,0.058357,0.05574,0.056134,0.062575,0.061139,0.058689,0.055974,0.05662,0.05585,0.056036,0.056311,0.060597,0.056238,0.056344,0.055696,0.057903,0.056714,0.057356,0.062158,0.059471,0.056269,0.057121,0.057335,0.05775,0.055967,0.058055,0.056289,0.056014,0.069474,0.059517,0.05695,0.056244,0.057317,0.057132,0.05543],"variance":0.0000074442669555379774},"hz":17.24193298448592,"selectorType":"xpath"},{"result":"css => table_header_id_class_and_direct_desc x 12.11 ops/sec ±1.27% (60 runs sampled)","stats":{"moe":0.0010481492830006298,"rme":1.2696713897052914,"sem":0.0005347700423472601,"deviation":0.004142310936123147,"mean":0.08255280000000001,"sample":[0.080284,0.081984,0.094354,0.084385,0.081307,0.078934,0.079341,0.08262,0.079417,0.080002,0.080053,0.080008,0.082006,0.094997,0.07884,0.07972,0.079234,0.082317,0.081567,0.089203,0.091219,0.079191,0.082125,0.089024,0.084017,0.082094,0.081064,0.081856,0.080863,0.083088,0.080859,0.090428,0.08187,0.084319,0.079154,0.081192,0.08109,0.081079,0.083995,0.083372,0.080795,0.081455,0.08311,0.080198,0.082143,0.080078,0.08062,0.079682,0.080015,0.093454,0.080562,0.080815,0.091941,0.082668,0.080914,0.081126,0.080844,0.07316,0.085088,0.082028],"variance":0.000017158739891525422},"hz":12.113459507127558,"selectorType":"css"},{"result":"xpath => table_header_id_class_and_direct_desc x 17.17 ops/sec ±1.20% (80 runs sampled)","stats":{"moe":0.0006972080877692274,"rme":1.1970753168649721,"sem":0.0003557184121271568,"deviation":0.003181642201458433,"mean":0.05824262499999999,"sample":[0.057931,0.060015,0.055977,0.056652,0.056181,0.055848,0.056399,0.059111,0.056572,0.057348,0.055948,0.057667,0.055881,0.055475,0.056774,0.055597,0.059012,0.056363,0.058722,0.056746,0.055942,0.061369,0.056924,0.055663,0.056266,0.058947,0.055736,0.059091,0.05825,0.057824,0.05925,0.055793,0.056096,0.061303,0.059194,0.064243,0.057692,0.056351,0.05557,0.056826,0.05975,0.056409,0.058911,0.055604,0.062701,0.056887,0.055842,0.058258,0.059164,0.063235,0.073184,0.060196,0.056154,0.056683,0.057452,0.058302,0.06106,0.057116,0.056372,0.05635,0.059492,0.062727,0.056152,0.059222,0.058483,0.057223,0.05732,0.074294,0.058121,0.056665,0.057523,0.060112,0.057936,0.056145,0.05903,0.057151,0.058103,0.061532,0.056769,0.057231],"variance":0.000010122847098101265},"hz":17.169555802129455,"selectorType":"xpath"},{"result":"css => table_header_traversing x 12.30 ops/sec ±1.20% (60 runs sampled)","stats":{"moe":0.0009742943729769836,"rme":1.1982810636680228,"sem":0.0004970889658045835,"deviation":0.0038504345722892397,"mean":0.08130766666666665,